BUILDING MATERIALS , 0.00
CEMENT 50KG , 0.00
CROWN SILK PASTEL 1LTR , 630.00
CROWN SUPER GLOSS BRILLIANT WHITE 4LTS , 0.00
CROWN SUPER GLOSS PASTEL 4LTS , 2200.00
CROWN WHITE SPIRIT 1 LTRS , 0.00
CROWN WHITE SPIRIT 5 LTRS , 0.00
DOOR PANEL AND FRAME STEEL , 0.00
DOOR REPAIR(HOME) , 0.00
DOOR REPAIR(HOSPITAL) , 0.00
DRAWER LOCK , 0.00
DURACOAT SILK SOFT WHITE 20LTRS , 0.00
DURACOAT SILK SOFT WHITE 4LTRS , 0.00
DURACOAT SUPERFAST BRILLIANT WH ITE 4 LTR , 980.00
DURACOAT SUPERFAST BRILLIANT WHITE 20LTRS , 0.00
DURACOAT WHITE SPIRIT 1LTR , 301.72
DURACOAT WHITE SPIRIT 5 LITRES , 0.00
GRILL DOOR MODIFICATION , 0.00
GROOT , 0.00
GYPSUM FILLER BAG , 0.00
INVERT BLOCK DRAIN 12INCH , 0.00
LAXCON GYPSUM FILLER BAG 25KG , 0.00
MASKING TAPE 1" , 0.00
METALLIC HOOKS , 0.00
MINI-TRUNKING , 0.00
MORTICE LOCK UNION , 0.00
NAILS , 0.00
PADLOCK , 0.00
PADLOCK HANDLE , 0.00
PAINT 20L DURACOAT SUPERFAST BRILLIANT WHITE , 0.00
PAINT 4L DURACOAT SUPERFAST BRILLIANT WHITE , 0.00
PAINT BRUSH 2" HARRIS , 0.00
PAINT BRUSH 2INCH HAMS , 0.00
PAINT BRUSH 6" , 0.00
PAINT CROWN PERMACOTE SILICON WHITE 1L , 0.00
PAINT CROWN PERMACOTE SILICON WHITE 4L , 0.00
PAINT CROWN SILK PASTEL 4L , 0.00
PAINT CROWN SUPER GLOSS BLACK 1LTR , 0.00
PAINT CROWN SUPER GLOSS PASTEL 4L , 0.00
PAINT CROWN SUPER GLOSS WHITE 4L , 0.00
PAINT ROLLER JINET TEE , 0.00
PROFESSIONAL ROLLER BRUSH , 0.00
SAND PAPER P120 FT , 0.00
SILICONE ADHESIVE SEALANT , 0.00
SINGLE SOCKETS , 0.00
TANK STAND , 0.00
TENT STEEL , 0.00
TWIN PALSTICE , 0.00
TWIN SOCKETS , 0.00
TWIN WITH EACH 2.5 , 0.00
VITOSOL SOLAR COLLECTOR , 0.00
WATER TANK 1000LTR , 0.00
WINDOW FRAME STEEL , 0.00
WINDOW FASTENER , 0.00
WINDOW PANES , 0.00