CALCIUM HYDROXIDE LINER DYCAL , 0.00
DENTAL ALVOGYL DRESSING PASTE , 0.00
DENTAL BUR ROUND , 0.00
DENTAL CARVER , 0.00
DENTAL COMPOSITE KIT , 0.00
DENTAL CONDENSER , 0.00
DENTAL ELEVATOR , 0.00
DENTAL EXCAVATOR , 0.00
DENTAL FORCEPS , 0.00
DENTAL GIC GLASS IONOMER CEMENT 35G , 0.00
DENTAL GLASS SLAB , 0.00
DENTAL GP GUTTA PERCHA , 0.00
DENTAL MATRIX BAND , 0.00
DENTAL MATRIX BAND WIDE , 0.00
DENTAL MATRIX HOLDER , 0.00
DENTAL MIRROR WITH HANDLE , 0.00
DENTAL PAPER POINTS , 0.00
DENTAL PROPHY PASTE , 0.00
DENTAL SALIVA EJECTOR , 0.00
DENTAL STONE 1KG , 0.00
DENTAL TEMPORARY FILLING , 0.00
DENTAL TOPICAL ANESTHETIC GEL , 0.00
DENTAL TOPICAL ANESTHETIC SPRAY , 0.00
DENTAL WOODEN WEDGE , 0.00
NEEDLES DENTAL LONG , 0.00
NEEDLES DENTAL SHORT , 0.00
SYRINGE DENTAL , 0.00