BREAST PUMP ELECTRIC PICKLES LD-202 , 4500.00
BREAST PUMP MANUAL PICKLES LD-101 , 2500.00
CORN SOYA BLENDED FLOUR (CSB) , 0.00
INFANT MILK FORMULA 135G SACHET NESTLE , 350.00
INFANT MILK FORMULA STAGE 1 300G SACHET , 0.00
INFANT MILK FORMULA STAGE 1 400G , 0.00
INFANT MILK FORMULA STAGE 1 PN 400G , 0.00
LACTONA GRANULES , 150.00
LACTONA GRANULES 200G , 0.00
THERAPEUTIC FOOD RESOMAL 42G , 0.00
THERAPEUTIC FOOD SATCHET 92G , 0.00
THERAPEUTIC MILK F-100 CAN 400G , 0.00
THERAPEUTIC MILK F-75 CAN 400G , 0.00